feature1,feature2,target,interaction,feature1_squared,feature2_squared
-1.414213562373095,-1.414213562373095,0,-1.1562432251572006,-1.1562432251572006,-1.1562432251572006
-0.7071067811865475,-0.7071067811865475,1,-0.8093702576100404,-0.8093702576100404,-0.8093702576100404
0.0,0.0,0,-0.23124864503144013,-0.23124864503144013,-0.23124864503144013
0.7071067811865475,0.7071067811865475,1,0.5781216125786003,0.5781216125786003,0.5781216125786003
1.414213562373095,1.414213562373095,1,1.6187405152200809,1.6187405152200809,1.6187405152200809
